{
  "5": {
    "precision": 0.09600000000000002,
    "recall": 0.14766666666666667,
    "f1": 0.11270274170274171,
    "ndcg": 0.09033292865483356,
    "users_evaluated": 50
  },
  "10": {
    "precision": 0.07800000000000001,
    "recall": 0.22833333333333333,
    "f1": 0.11347069597069598,
    "ndcg": 0.1072686049738201,
    "users_evaluated": 50
  },
  "20": {
    "precision": 0.06600000000000002,
    "recall": 0.3793333333333333,
    "f1": 0.11042675585284283,
    "ndcg": 0.1452112600797774,
    "users_evaluated": 50
  }
}