{
  "precision_recall_at_k": {
    "5": {
      "precision": 0.068,
      "recall": 0.16166666666666668,
      "f1": 0.09238095238095237,
      "users_evaluated": 50
    },
    "10": {
      "precision": 0.05200000000000001,
      "recall": 0.2316666666666667,
      "f1": 0.08309690309690311,
      "users_evaluated": 50
    },
    "20": {
      "precision": 0.04699999999999999,
      "recall": 0.37333333333333335,
      "f1": 0.08233389798607192,
      "users_evaluated": 50
    }
  },
  "coverage": {
    "catalog_coverage": 0.8470588235294118,
    "user_coverage": 1.0,
    "total_packages": 340,
    "recommended_packages": 288,
    "users_evaluated": 100,
    "users_with_recommendations": 100
  },
  "diversity": {
    "overall_diversity": 0.474,
    "avg_intra_list_diversity": 0.24275563715535448,
    "unique_items_recommended": 237,
    "total_recommendations": 500,
    "users_evaluated": 50
  },
  "novelty": {
    "avg_novelty": 8.301401206863185,
    "users_evaluated": 50,
    "novelty_std": 0.08444061737707247
  },
  "method_comparison": {
    "content_based": {
      "success_rate": 1.0,
      "successful_recommendations": 30,
      "users_tested": 30
    },
    "collaborative": {
      "success_rate": 1.0,
      "successful_recommendations": 30,
      "users_tested": 30
    },
    "hybrid": {
      "success_rate": 1.0,
      "successful_recommendations": 30,
      "users_tested": 30
    }
  }
}